<?xml version="1.0" encoding="UTF-8" ?>
<!DOCTYPE log4j:configuration SYSTEM "log4j.dtd">

<log4j:configuration xmlns:log4j="http://jakarta.apache.org/log4j/">

	<appender name="stdout" class="org.apache.log4j.ConsoleAppender">
		<param name="Threshold" value="INFO"/>
		<layout class="org.apache.log4j.PatternLayout">
			 <param name="ConversionPattern" value="%m%n"/>
		</layout>
		
	</appender>

	<appender name="applog" class="org.apache.log4j.FileAppender">
		<param name="File"   value="${BASE_PATH}/logs/app.log" />
		<param name="Append" value="false" />	    	
		<layout class="org.apache.log4j.PatternLayout">
			<param name="ConversionPattern" value="%d %p - %m%n"/>
		</layout> 
	</appender>
	
	
	<root>
	   <level value ="debug" />
   	   <appender-ref ref="stdout" />
	</root>	
	

</log4j:configuration>
